{
    "rules": [
        {
            "field": "synth__design__instance__stdcell__area",
            "value": 45,
            "compare": "<="
        },
        {
            "field": "constraints__clocks__count",
            "value": 0,
            "compare": "=="
        },
        {
            "field": "placeopt__design__instance__design__area",
            "value": 52,
            "compare": "<="
        },
        {
            "field": "placeopt__design__instance__stdcell__count",
            "value": 503,
            "compare": "<="
        },
        {
            "field": "cts__timing__setup__ws",
            "value": -100.0,
            "compare": ">="
        },
        {
            "field": "cts__timing__setup__ws__prerepair",
            "value": -100.0,
            "compare": ">="
        },
        {
            "field": "cts__timing__setup__ws__postrepair",
            "value": -100.0,
            "compare": ">="
        },
        {
            "field": "globalroute__timing__clock__slack",
            "value": -100.0,
            "compare": ">="
        },
        {
            "field": "globalroute__timing__setup__ws",
            "value": -100.0,
            "compare": ">="
        },
        {
            "field": "detailedroute__route__wirelength",
            "value": 1382,
            "compare": "<="
        },
        {
            "field": "detailedroute__route__drc_errors__count",
            "value": 0,
            "compare": "=="
        },
        {
            "field": "finish__timing__setup__ws",
            "value": -100.0,
            "compare": ">="
        },
        {
            "field": "finish__design__instance__area",
            "value": 227,
            "compare": "<="
        }
    ]
}
